{
  "built": "2026-06-17T08:58:01+00:00",
  "features": [
    "strength",
    "abs_tstat",
    "atr_ratio",
    "abs_mom20",
    "rsi_stretch",
    "rvol"
  ],
  "mean": [
    4.51574427480916,
    10.276189049141037,
    1.0645185801749195,
    0.05200219563879469,
    13.741144439382357,
    0.20495220747756565
  ],
  "std": [
    0.49975205633468334,
    7.109130022708821,
    0.40805298738273127,
    0.06463457854144962,
    9.875740710309367,
    0.17197547602712226
  ],
  "weights": [
    0.09107220391113051,
    -0.02783198133746461,
    0.0866189792860626,
    -0.08722570365794241,
    -0.023268101112585475,
    0.05364804236219403
  ],
  "bias": -0.6629124477104613,
  "iso_x": [
    0.2642204217412249,
    0.2936170636146855,
    0.2965823878511274,
    0.3069266651164319,
    0.31591105162277644,
    0.4699716399618553,
    0.4964689350854341
  ],
  "iso_y": [
    0.0,
    0.2,
    0.25,
    0.3333333333333333,
    0.34883720930232565,
    0.36767317939609234,
    0.6
  ],
  "n_train": 2096,
  "n_test": 715,
  "metrics": {
    "brier": 0.23316737723330846,
    "brier_uncal": 0.23206771232795145,
    "logloss": 0.6587671550657024,
    "auc": 0.5699300111040075,
    "base_rate": 0.3678321678321678
  },
  "reliability": [
    [
      "0.1-0.2",
      14,
      0.17243908926064264,
      0.21428571428571427
    ],
    [
      "0.2-0.3",
      37,
      0.27182789449194866,
      0.2972972972972973
    ],
    [
      "0.3-0.4",
      649,
      0.34982042019928195,
      0.37750385208012327
    ],
    [
      "0.5-0.6",
      11,
      0.5651017356066034,
      0.18181818181818182
    ]
  ],
  "coef": {
    "strength": 0.09107220391113051,
    "abs_tstat": -0.02783198133746461,
    "atr_ratio": 0.0866189792860626,
    "abs_mom20": -0.08722570365794241,
    "rsi_stretch": -0.023268101112585475,
    "rvol": 0.05364804236219403
  }
}