{
  "built": "2026-06-20T08:18:14+00:00",
  "features": [
    "strength",
    "abs_tstat",
    "atr_ratio",
    "abs_mom20",
    "rsi_stretch",
    "rvol"
  ],
  "mean": [
    4.793103448275862,
    12.517847883414325,
    1.1915095381552046,
    0.13061575392695293,
    15.3045484977569,
    0.41565256707867865
  ],
  "std": [
    0.40508069394725593,
    8.226584155538589,
    0.8302616487679532,
    0.27230164003498536,
    10.621663380204803,
    0.41566323090173146
  ],
  "weights": [
    -0.047363805911947394,
    -0.017424653441968627,
    0.09362200183432498,
    -0.07630958205603561,
    -0.08698754516077312,
    0.009788890173908731
  ],
  "bias": -0.3684582100624468,
  "iso_x": [
    0.33306836128997586,
    0.34720711277773725,
    0.3485135091790026,
    0.3633981645315559,
    0.4628904135174684,
    0.526134787449046
  ],
  "iso_y": [
    0.0,
    0.21052631578947367,
    0.25,
    0.35714285714285715,
    0.3615477629987908,
    0.40963855421686746
  ],
  "n_train": 2929,
  "n_test": 993,
  "metrics": {
    "brier": 0.24132916445748204,
    "brier_uncal": 0.24130071358231697,
    "logloss": 0.7320562408699688,
    "auc": 0.48207804379313285,
    "base_rate": 0.3907351460221551
  },
  "reliability": [
    [
      "0.0-0.1",
      8,
      0.00816779682531566,
      0.5
    ],
    [
      "0.1-0.2",
      8,
      0.14703240747579566,
      0.375
    ],
    [
      "0.2-0.3",
      19,
      0.2744410924594695,
      0.3157894736842105
    ],
    [
      "0.3-0.4",
      948,
      0.3590981676239647,
      0.39029535864978904
    ],
    [
      "0.4-0.5",
      10,
      0.40874826292196553,
      0.5
    ]
  ],
  "coef": {
    "strength": -0.047363805911947394,
    "abs_tstat": -0.017424653441968627,
    "atr_ratio": 0.09362200183432498,
    "abs_mom20": -0.07630958205603561,
    "rsi_stretch": -0.08698754516077312,
    "rvol": 0.009788890173908731
  }
}